{"assets/animations/animation.json":["assets/animations/animation.json"],"assets/config.json":["assets/config.json"],"assets/fonts/Pacifico-Regular.ttf":["assets/fonts/Pacifico-Regular.ttf"],"assets/images/apple.png":["assets/images/apple.png"],"assets/images/default.jpg":["assets/images/default.jpg"],"assets/images/dienthoai.webp":["assets/images/dienthoai.webp"],"assets/images/facebook.png":["assets/images/facebook.png"],"assets/images/gaming.webp":["assets/images/gaming.webp"],"assets/images/giamgia.svg":["assets/images/giamgia.svg"],"assets/images/google.webp":["assets/images/google.webp"],"assets/images/laptop.webp":["assets/images/laptop.webp"],"assets/images/linhkien.webp":["assets/images/linhkien.webp"],"assets/images/logo.png":["assets/images/logo.png"],"assets/images/manhinh.webp":["assets/images/manhinh.webp"],"assets/images/nengiamgia.webp":["assets/images/nengiamgia.webp"],"assets/images/nenprofile.jpg":["assets/images/nenprofile.jpg"],"assets/images/pc.webp":["assets/images/pc.webp"],"assets/images/phukien.webp":["assets/images/phukien.webp"],"packages/cupertino_icons/assets/CupertinoIcons.ttf":["packages/cupertino_icons/assets/CupertinoIcons.ttf"],"packages/flutter_vector_icons/fonts/AntDesign.ttf":["packages/flutter_vector_icons/fonts/AntDesign.ttf"],"packages/flutter_vector_icons/fonts/Entypo.ttf":["packages/flutter_vector_icons/fonts/Entypo.ttf"],"packages/flutter_vector_icons/fonts/EvilIcons.ttf":["packages/flutter_vector_icons/fonts/EvilIcons.ttf"],"packages/flutter_vector_icons/fonts/Feather.ttf":["packages/flutter_vector_icons/fonts/Feather.ttf"],"packages/flutter_vector_icons/fonts/FontAwesome.ttf":["packages/flutter_vector_icons/fonts/FontAwesome.ttf"],"packages/flutter_vector_icons/fonts/FontAwesome5_Brands.ttf":["packages/flutter_vector_icons/fonts/FontAwesome5_Brands.ttf"],"packages/flutter_vector_icons/fonts/FontAwesome5_Regular.ttf":["packages/flutter_vector_icons/fonts/FontAwesome5_Regular.ttf"],"packages/flutter_vector_icons/fonts/FontAwesome5_Solid.ttf":["packages/flutter_vector_icons/fonts/FontAwesome5_Solid.ttf"],"packages/flutter_vector_icons/fonts/Fontisto.ttf":["packages/flutter_vector_icons/fonts/Fontisto.ttf"],"packages/flutter_vector_icons/fonts/Foundation.ttf":["packages/flutter_vector_icons/fonts/Foundation.ttf"],"packages/flutter_vector_icons/fonts/Ionicons.ttf":["packages/flutter_vector_icons/fonts/Ionicons.ttf"],"packages/flutter_vector_icons/fonts/MaterialCommunityIcons.ttf":["packages/flutter_vector_icons/fonts/MaterialCommunityIcons.ttf"],"packages/flutter_vector_icons/fonts/MaterialIcons.ttf":["packages/flutter_vector_icons/fonts/MaterialIcons.ttf"],"packages/flutter_vector_icons/fonts/Octicons.ttf":["packages/flutter_vector_icons/fonts/Octicons.ttf"],"packages/flutter_vector_icons/fonts/SimpleLineIcons.ttf":["packages/flutter_vector_icons/fonts/SimpleLineIcons.ttf"],"packages/flutter_vector_icons/fonts/Zocial.ttf":["packages/flutter_vector_icons/fonts/Zocial.ttf"],"packages/fluttertoast/assets/toastify.css":["packages/fluttertoast/assets/toastify.css"],"packages/fluttertoast/assets/toastify.js":["packages/fluttertoast/assets/toastify.js"]}